[{"model": "admin.logentry", "pk": 1, "fields": {"action_time": "2020-11-07T05:16:36.802Z", "user": 1, "content_type": 7, "object_id": "1", "object_repr": "Apple", "action_flag": 1, "change_message": "[{\"added\": {}}]"}}, {"model": "admin.logentry", "pk": 2, "fields": {"action_time": "2020-11-07T05:16:59.485Z", "user": 1, "content_type": 8, "object_id": "1", "object_repr": "iPhone 12", "action_flag": 1, "change_message": "[{\"added\": {}}]"}}, {"model": "admin.logentry", "pk": 3, "fields": {"action_time": "2020-11-07T05:18:34.923Z", "user": 1, "content_type": 9, "object_id": "1", "object_repr": "iPhone 12 (128GB) 超值二手機", "action_flag": 1, "change_message": "[{\"added\": {}}]"}}, {"model": "admin.logentry", "pk": 4, "fields": {"action_time": "2020-11-07T05:19:19.789Z", "user": 1, "content_type": 9, "object_id": "2", "object_repr": "iPhone 12 Pro (128GB)", "action_flag": 1, "change_message": "[{\"added\": {}}]"}}, {"model": "admin.logentry", "pk": 5, "fields": {"action_time": "2020-11-07T05:19:54.504Z", "user": 1, "content_type": 7, "object_id": "2", "object_repr": "SONY", "action_flag": 1, "change_message": "[{\"added\": {}}]"}}, {"model": "admin.logentry", "pk": 6, "fields": {"action_time": "2020-11-07T05:20:09.980Z", "user": 1, "content_type": 7, "object_id": "3", "object_repr": "ASUS", "action_flag": 1, "change_message": "[{\"added\": {}}]"}}, {"model": "admin.logentry", "pk": 7, "fields": {"action_time": "2020-11-07T05:20:57.674Z", "user": 1, "content_type": 7, "object_id": "4", "object_repr": "Nokia", "action_flag": 1, "change_message": "[{\"added\": {}}]"}}, {"model": "admin.logentry", "pk": 8, "fields": {"action_time": "2020-11-07T05:21:49.803Z", "user": 1, "content_type": 8, "object_id": "2", "object_repr": "Xperia", "action_flag": 1, "change_message": "[{\"added\": {}}]"}}, {"model": "admin.logentry", "pk": 9, "fields": {"action_time": "2020-11-07T05:22:25.710Z", "user": 1, "content_type": 8, "object_id": "3", "object_repr": "ZenFone", "action_flag": 1, "change_message": "[{\"added\": {}}]"}}, {"model": "admin.logentry", "pk": 10, "fields": {"action_time": "2020-11-07T05:23:03.792Z", "user": 1, "content_type": 8, "object_id": "4", "object_repr": "ROG Phone", "action_flag": 1, "change_message": "[{\"added\": {}}]"}}, {"model": "admin.logentry", "pk": 11, "fields": {"action_time": "2020-11-07T05:24:00.038Z", "user": 1, "content_type": 8, "object_id": "5", "object_repr": "3310", "action_flag": 1, "change_message": "[{\"added\": {}}]"}}, {"model": "admin.logentry", "pk": 12, "fields": {"action_time": "2020-11-07T05:24:22.518Z", "user": 1, "content_type": 8, "object_id": "6", "object_repr": "x.x", "action_flag": 1, "change_message": "[{\"added\": {}}]"}}, {"model": "admin.logentry", "pk": 13, "fields": {"action_time": "2020-11-07T05:25:07.220Z", "user": 1, "content_type": 9, "object_id": "3", "object_repr": "SONY Xperia 5 II", "action_flag": 1, "change_message": "[{\"added\": {}}]"}}, {"model": "admin.logentry", "pk": 14, "fields": {"action_time": "2020-11-07T05:25:43.512Z", "user": 1, "content_type": 9, "object_id": "4", "object_repr": "SONY Xperia 10 II", "action_flag": 1, "change_message": "[{\"added\": {}}]"}}, {"model": "admin.logentry", "pk": 15, "fields": {"action_time": "2020-11-07T05:26:09.004Z", "user": 1, "content_type": 9, "object_id": "5", "object_repr": "ASUS ZenFone 7 (ZS670KS) 6GB/128GB", "action_flag": 1, "change_message": "[{\"added\": {}}]"}}, {"model": "admin.logentry", "pk": 16, "fields": {"action_time": "2020-11-07T05:26:37.926Z", "user": 1, "content_type": 9, "object_id": "6", "object_repr": "ASUS ZenFone 7 Pro (ZS671KS) 8GB/25", "action_flag": 1, "change_message": "[{\"added\": {}}]"}}, {"model": "admin.logentry", "pk": 17, "fields": {"action_time": "2020-11-07T05:27:07.797Z", "user": 1, "content_type": 9, "object_id": "7", "object_repr": "3310 超值二手機", "action_flag": 1, "change_message": "[{\"added\": {}}]"}}, {"model": "admin.logentry", "pk": 18, "fields": {"action_time": "2020-11-07T05:27:35.555Z", "user": 1, "content_type": 9, "object_id": "8", "object_repr": "8.3 5G", "action_flag": 1, "change_message": "[{\"added\": {}}]"}}, {"model": "admin.logentry", "pk": 19, "fields": {"action_time": "2020-11-07T05:27:51.405Z", "user": 1, "content_type": 9, "object_id": "9", "object_repr": "7.2", "action_flag": 1, "change_message": "[{\"added\": {}}]"}}, {"model": "admin.logentry", "pk": 20, "fields": {"action_time": "2020-11-07T05:28:29.324Z", "user": 1, "content_type": 10, "object_id": "1", "object_repr": "產品照片", "action_flag": 1, "change_message": "[{\"added\": {}}]"}}, {"model": "admin.logentry", "pk": 21, "fields": {"action_time": "2020-11-07T05:28:40.324Z", "user": 1, "content_type": 10, "object_id": "2", "object_repr": "產品照片", "action_flag": 1, "change_message": "[{\"added\": {}}]"}}, {"model": "admin.logentry", "pk": 22, "fields": {"action_time": "2020-11-07T05:28:58.810Z", "user": 1, "content_type": 10, "object_id": "3", "object_repr": "產品照片", "action_flag": 1, "change_message": "[{\"added\": {}}]"}}, {"model": "admin.logentry", "pk": 23, "fields": {"action_time": "2020-11-07T05:29:11.520Z", "user": 1, "content_type": 10, "object_id": "4", "object_repr": "產品照片", "action_flag": 1, "change_message": "[{\"added\": {}}]"}}, {"model": "admin.logentry", "pk": 24, "fields": {"action_time": "2020-11-07T05:29:32.271Z", "user": 1, "content_type": 10, "object_id": "5", "object_repr": "產品照片", "action_flag": 1, "change_message": "[{\"added\": {}}]"}}, {"model": "admin.logentry", "pk": 25, "fields": {"action_time": "2020-11-07T05:29:47.732Z", "user": 1, "content_type": 10, "object_id": "6", "object_repr": "產品照片", "action_flag": 1, "change_message": "[{\"added\": {}}]"}}, {"model": "admin.logentry", "pk": 26, "fields": {"action_time": "2020-11-07T05:30:02.625Z", "user": 1, "content_type": 10, "object_id": "7", "object_repr": "產品照片", "action_flag": 1, "change_message": "[{\"added\": {}}]"}}, {"model": "admin.logentry", "pk": 27, "fields": {"action_time": "2020-11-07T05:30:12.618Z", "user": 1, "content_type": 10, "object_id": "8", "object_repr": "產品照片", "action_flag": 1, "change_message": "[{\"added\": {}}]"}}, {"model": "admin.logentry", "pk": 28, "fields": {"action_time": "2020-11-07T05:30:28.731Z", "user": 1, "content_type": 10, "object_id": "9", "object_repr": "產品照片", "action_flag": 1, "change_message": "[{\"added\": {}}]"}}, {"model": "auth.permission", "pk": 1, "fields": {"name": "Can add log entry", "content_type": 1, "codename": "add_logentry"}}, {"model": "auth.permission", "pk": 2, "fields": {"name": "Can change log entry", "content_type": 1, "codename": "change_logentry"}}, {"model": "auth.permission", "pk": 3, "fields": {"name": "Can delete log entry", "content_type": 1, "codename": "delete_logentry"}}, {"model": "auth.permission", "pk": 4, "fields": {"name": "Can view log entry", "content_type": 1, "codename": "view_logentry"}}, {"model": "auth.permission", "pk": 5, "fields": {"name": "Can add permission", "content_type": 2, "codename": "add_permission"}}, {"model": "auth.permission", "pk": 6, "fields": {"name": "Can change permission", "content_type": 2, "codename": "change_permission"}}, {"model": "auth.permission", "pk": 7, "fields": {"name": "Can delete permission", "content_type": 2, "codename": "delete_permission"}}, {"model": "auth.permission", "pk": 8, "fields": {"name": "Can view permission", "content_type": 2, "codename": "view_permission"}}, {"model": "auth.permission", "pk": 9, "fields": {"name": "Can add group", "content_type": 3, "codename": "add_group"}}, {"model": "auth.permission", "pk": 10, "fields": {"name": "Can change group", "content_type": 3, "codename": "change_group"}}, {"model": "auth.permission", "pk": 11, "fields": {"name": "Can delete group", "content_type": 3, "codename": "delete_group"}}, {"model": "auth.permission", "pk": 12, "fields": {"name": "Can view group", "content_type": 3, "codename": "view_group"}}, {"model": "auth.permission", "pk": 13, "fields": {"name": "Can add user", "content_type": 4, "codename": "add_user"}}, {"model": "auth.permission", "pk": 14, "fields": {"name": "Can change user", "content_type": 4, "codename": "change_user"}}, {"model": "auth.permission", "pk": 15, "fields": {"name": "Can delete user", "content_type": 4, "codename": "delete_user"}}, {"model": "auth.permission", "pk": 16, "fields": {"name": "Can view user", "content_type": 4, "codename": "view_user"}}, {"model": "auth.permission", "pk": 17, "fields": {"name": "Can add content type", "content_type": 5, "codename": "add_contenttype"}}, {"model": "auth.permission", "pk": 18, "fields": {"name": "Can change content type", "content_type": 5, "codename": "change_contenttype"}}, {"model": "auth.permission", "pk": 19, "fields": {"name": "Can delete content type", "content_type": 5, "codename": "delete_contenttype"}}, {"model": "auth.permission", "pk": 20, "fields": {"name": "Can view content type", "content_type": 5, "codename": "view_contenttype"}}, {"model": "auth.permission", "pk": 21, "fields": {"name": "Can add session", "content_type": 6, "codename": "add_session"}}, {"model": "auth.permission", "pk": 22, "fields": {"name": "Can change session", "content_type": 6, "codename": "change_session"}}, {"model": "auth.permission", "pk": 23, "fields": {"name": "Can delete session", "content_type": 6, "codename": "delete_session"}}, {"model": "auth.permission", "pk": 24, "fields": {"name": "Can view session", "content_type": 6, "codename": "view_session"}}, {"model": "auth.permission", "pk": 25, "fields": {"name": "Can add maker", "content_type": 7, "codename": "add_maker"}}, {"model": "auth.permission", "pk": 26, "fields": {"name": "Can change maker", "content_type": 7, "codename": "change_maker"}}, {"model": "auth.permission", "pk": 27, "fields": {"name": "Can delete maker", "content_type": 7, "codename": "delete_maker"}}, {"model": "auth.permission", "pk": 28, "fields": {"name": "Can view maker", "content_type": 7, "codename": "view_maker"}}, {"model": "auth.permission", "pk": 29, "fields": {"name": "Can add p model", "content_type": 8, "codename": "add_pmodel"}}, {"model": "auth.permission", "pk": 30, "fields": {"name": "Can change p model", "content_type": 8, "codename": "change_pmodel"}}, {"model": "auth.permission", "pk": 31, "fields": {"name": "Can delete p model", "content_type": 8, "codename": "delete_pmodel"}}, {"model": "auth.permission", "pk": 32, "fields": {"name": "Can view p model", "content_type": 8, "codename": "view_pmodel"}}, {"model": "auth.permission", "pk": 33, "fields": {"name": "Can add product", "content_type": 9, "codename": "add_product"}}, {"model": "auth.permission", "pk": 34, "fields": {"name": "Can change product", "content_type": 9, "codename": "change_product"}}, {"model": "auth.permission", "pk": 35, "fields": {"name": "Can delete product", "content_type": 9, "codename": "delete_product"}}, {"model": "auth.permission", "pk": 36, "fields": {"name": "Can view product", "content_type": 9, "codename": "view_product"}}, {"model": "auth.permission", "pk": 37, "fields": {"name": "Can add p photo", "content_type": 10, "codename": "add_pphoto"}}, {"model": "auth.permission", "pk": 38, "fields": {"name": "Can change p photo", "content_type": 10, "codename": "change_pphoto"}}, {"model": "auth.permission", "pk": 39, "fields": {"name": "Can delete p photo", "content_type": 10, "codename": "delete_pphoto"}}, {"model": "auth.permission", "pk": 40, "fields": {"name": "Can view p photo", "content_type": 10, "codename": "view_pphoto"}}, {"model": "auth.permission", "pk": 41, "fields": {"name": "Can add p model", "content_type": 11, "codename": "add_pmodel"}}, {"model": "auth.permission", "pk": 42, "fields": {"name": "Can change p model", "content_type": 11, "codename": "change_pmodel"}}, {"model": "auth.permission", "pk": 43, "fields": {"name": "Can delete p model", "content_type": 11, "codename": "delete_pmodel"}}, {"model": "auth.permission", "pk": 44, "fields": {"name": "Can view p model", "content_type": 11, "codename": "view_pmodel"}}, {"model": "auth.permission", "pk": 45, "fields": {"name": "Can add product", "content_type": 12, "codename": "add_product"}}, {"model": "auth.permission", "pk": 46, "fields": {"name": "Can change product", "content_type": 12, "codename": "change_product"}}, {"model": "auth.permission", "pk": 47, "fields": {"name": "Can delete product", "content_type": 12, "codename": "delete_product"}}, {"model": "auth.permission", "pk": 48, "fields": {"name": "Can view product", "content_type": 12, "codename": "view_product"}}, {"model": "auth.permission", "pk": 49, "fields": {"name": "Can add maker", "content_type": 13, "codename": "add_maker"}}, {"model": "auth.permission", "pk": 50, "fields": {"name": "Can change maker", "content_type": 13, "codename": "change_maker"}}, {"model": "auth.permission", "pk": 51, "fields": {"name": "Can delete maker", "content_type": 13, "codename": "delete_maker"}}, {"model": "auth.permission", "pk": 52, "fields": {"name": "Can view maker", "content_type": 13, "codename": "view_maker"}}, {"model": "auth.permission", "pk": 53, "fields": {"name": "Can add post content", "content_type": 14, "codename": "add_postcontent"}}, {"model": "auth.permission", "pk": 54, "fields": {"name": "Can change post content", "content_type": 14, "codename": "change_postcontent"}}, {"model": "auth.permission", "pk": 55, "fields": {"name": "Can delete post content", "content_type": 14, "codename": "delete_postcontent"}}, {"model": "auth.permission", "pk": 56, "fields": {"name": "Can view post content", "content_type": 14, "codename": "view_postcontent"}}, {"model": "auth.permission", "pk": 57, "fields": {"name": "Can add new table", "content_type": 15, "codename": "add_newtable"}}, {"model": "auth.permission", "pk": 58, "fields": {"name": "Can change new table", "content_type": 15, "codename": "change_newtable"}}, {"model": "auth.permission", "pk": 59, "fields": {"name": "Can delete new table", "content_type": 15, "codename": "delete_newtable"}}, {"model": "auth.permission", "pk": 60, "fields": {"name": "Can view new table", "content_type": 15, "codename": "view_newtable"}}, {"model": "auth.permission", "pk": 61, "fields": {"name": "Can add product", "content_type": 16, "codename": "add_product"}}, {"model": "auth.permission", "pk": 62, "fields": {"name": "Can change product", "content_type": 16, "codename": "change_product"}}, {"model": "auth.permission", "pk": 63, "fields": {"name": "Can delete product", "content_type": 16, "codename": "delete_product"}}, {"model": "auth.permission", "pk": 64, "fields": {"name": "Can view product", "content_type": 16, "codename": "view_product"}}, {"model": "auth.permission", "pk": 65, "fields": {"name": "Can add p photo", "content_type": 17, "codename": "add_pphoto"}}, {"model": "auth.permission", "pk": 66, "fields": {"name": "Can change p photo", "content_type": 17, "codename": "change_pphoto"}}, {"model": "auth.permission", "pk": 67, "fields": {"name": "Can delete p photo", "content_type": 17, "codename": "delete_pphoto"}}, {"model": "auth.permission", "pk": 68, "fields": {"name": "Can view p photo", "content_type": 17, "codename": "view_pphoto"}}, {"model": "auth.user", "pk": 1, "fields": {"password": "pbkdf2_sha256$216000$qV6SmSkYucPq$fs8JGP4hd7pRCNU9ysAZ7vUdZUId+qBL9PrZsk542/A=", "last_login": "2021-01-24T05:57:19.472Z", "is_superuser": true, "username": "admin", "first_name": "", "last_name": "", "email": "", "is_staff": true, "is_active": true, "date_joined": "2020-11-01T08:03:39.541Z", "groups": [], "user_permissions": []}}, {"model": "contenttypes.contenttype", "pk": 1, "fields": {"app_label": "admin", "model": "logentry"}}, {"model": "contenttypes.contenttype", "pk": 2, "fields": {"app_label": "auth", "model": "permission"}}, {"model": "contenttypes.contenttype", "pk": 3, "fields": {"app_label": "auth", "model": "group"}}, {"model": "contenttypes.contenttype", "pk": 4, "fields": {"app_label": "auth", "model": "user"}}, {"model": "contenttypes.contenttype", "pk": 5, "fields": {"app_label": "contenttypes", "model": "contenttype"}}, {"model": "contenttypes.contenttype", "pk": 6, "fields": {"app_label": "sessions", "model": "session"}}, {"model": "contenttypes.contenttype", "pk": 7, "fields": {"app_label": "mysite", "model": "maker"}}, {"model": "contenttypes.contenttype", "pk": 8, "fields": {"app_label": "mysite", "model": "pmodel"}}, {"model": "contenttypes.contenttype", "pk": 9, "fields": {"app_label": "mysite", "model": "product"}}, {"model": "contenttypes.contenttype", "pk": 10, "fields": {"app_label": "mysite", "model": "pphoto"}}, {"model": "contenttypes.contenttype", "pk": 11, "fields": {"app_label": "Modal_DB", "model": "pmodel"}}, {"model": "contenttypes.contenttype", "pk": 12, "fields": {"app_label": "Modal_DB", "model": "product"}}, {"model": "contenttypes.contenttype", "pk": 13, "fields": {"app_label": "Modal_DB", "model": "maker"}}, {"model": "contenttypes.contenttype", "pk": 14, "fields": {"app_label": "mainsite", "model": "postcontent"}}, {"model": "contenttypes.contenttype", "pk": 15, "fields": {"app_label": "MTV01", "model": "newtable"}}, {"model": "contenttypes.contenttype", "pk": 16, "fields": {"app_label": "MTV01", "model": "product"}}, {"model": "contenttypes.contenttype", "pk": 17, "fields": {"app_label": "Modal_DB", "model": "pphoto"}}, {"model": "sessions.session", "pk": "28bjojvrhyljyganyn68ljtqb4kthh41", "fields": {"session_data": ".eJxVjMsOwiAQRf-FtSE8SgGX7v0GMjAzUjU0Ke3K-O_apAvd3nPOfYkE21rT1mlJE4qz0OL0u2UoD2o7wDu02yzL3NZlynJX5EG7vM5Iz8vh_h1U6PVbOwTlA-fiYx4DObaRrAmMbAPpGJTxg9aELrI2aDywVa7w6AKB0QOI9wfq7zfm:1kZ8L8:35DC-i_V6kiA4FTjcxff6QWNLxEpPkk0hn6xzO2wyYc", "expire_date": "2020-11-15T08:03:50.829Z"}}, {"model": "sessions.session", "pk": "790pj8v0s07en322ev4onhuh68wh8i9n", "fields": {"session_data": ".eJxVjDsOwjAQBe_iGllsHH-Wkj5niLy7Ng4gW8qnQtwdIqWA9s3Me6kxbmsZtyXN4yTqokCdfjeK_Eh1B3KP9dY0t7rOE-ld0Qdd9NAkPa-H-3dQ4lK-dYc9i_GQDVNgEiA0wbLpAeUM5NFaAHGhi9ZgRvLZO6TEyZkMrrfq_QHaDDeI:1l3YPE:hLKyH9kY6OQ_b4Rw3vDo6e_Pz_xx-ALbYB6jTbridnY", "expire_date": "2021-02-07T05:57:48.631Z"}}, {"model": "sessions.session", "pk": "7iguwgryl7a0i74it9dazf4tlk663fkr", "fields": {"session_data": ".eJxVjMsOwiAQRf-FtSE8SgGX7v0GMjAzUjU0Ke3K-O_apAvd3nPOfYkE21rT1mlJE4qz0OL0u2UoD2o7wDu02yzL3NZlynJX5EG7vM5Iz8vh_h1U6PVbOwTlA-fiYx4DObaRrAmMbAPpGJTxg9aELrI2aDywVa7w6AKB0QOI9wfq7zfm:1kbIwL:Sx-ou_B8MTC4_G7JYo0r56N60M5x_eTPxGAN5lrz8_8", "expire_date": "2020-11-21T07:47:13.890Z"}}, {"model": "sessions.session", "pk": "jf9tvh3mml2tdfxoqcidfygyir4np44h", "fields": {"session_data": ".eJxVjMsOwiAQRf-FtSE8SgGX7v0GMjAzUjU0Ke3K-O_apAvd3nPOfYkE21rT1mlJE4qz0OL0u2UoD2o7wDu02yzL3NZlynJX5EG7vM5Iz8vh_h1U6PVbOwTlA-fiYx4DObaRrAmMbAPpGJTxg9aELrI2aDywVa7w6AKB0QOI9wfq7zfm:1kbGV0:yy0qJ74CQXpK_u0Nq_wq9cs7L3Z8Z74piKpIhMhwGFg", "expire_date": "2020-11-21T05:10:50.861Z"}}, {"model": "sessions.session", "pk": "ky27uypq2trnjsmqp6er7vatnsjklkxw", "fields": {"session_data": ".eJxVjDEOAiEURO9CbQgf4S9Y2u8ZCHxAVg0ky25lvLuSbKHFNPPezIs5v2_F7T2tbonswoCdfrvg6ZHqAPHu661xanVbl8CHwg_a-dxiel4P9--g-F7GmjCjsVIZICm-ARuDzxooS20IlRI6CYohnTV5BASTEEipHC2aaWLvD999N6c:1kzAC7:XYfVp5PhuOhawEr98NF1cRgC-qwahjAoOh1ez3Qwc3A", "expire_date": "2021-01-26T03:18:07.250Z"}}, {"model": "sessions.session", "pk": "xsds6eti4mbbem4lukgxhomj24adbpgl", "fields": {"session_data": ".eJxVjDEOAiEURO9CbQgf4S9Y2u8ZCHxAVg0ky25lvLuSbKHFNPPezIs5v2_F7T2tbonswoCdfrvg6ZHqAPHu661xanVbl8CHwg_a-dxiel4P9--g-F7GmjCjsVIZICm-ARuDzxooS20IlRI6CYohnTV5BASTEEipHC2aaWLvD999N6c:1l0mlN:y7pqHhmCfib4A-LDWRtiaGHm-lxwi7YEEgwlP6mkrko", "expire_date": "2021-01-30T14:41:13.178Z"}}, {"model": "mainsite.postcontent", "pk": 1, "fields": {"title": "公告", "remarks": "開會第一次", "body": "132", "pub_date": "2021-01-11T17:28:00Z"}}, {"model": "MTV01.product", "pk": 62, "fields": {"sku": "a01", "name": "尼多蘭", "price": 500, "size": "S", "qty": 5}}, {"model": "MTV01.product", "pk": 63, "fields": {"sku": "a02", "name": "尼多娜", "price": 600, "size": "M", "qty": 3}}, {"model": "MTV01.product", "pk": 64, "fields": {"sku": "a03", "name": "尼多后", "price": 800, "size": "L", "qty": 2}}, {"model": "MTV01.product", "pk": 65, "fields": {"sku": "a04", "name": "尼多朗", "price": 550, "size": "S", "qty": 7}}, {"model": "MTV01.product", "pk": 66, "fields": {"sku": "a05", "name": "尼多力諾", "price": 650, "size": "M", "qty": 4}}, {"model": "MTV01.product", "pk": 67, "fields": {"sku": "a06", "name": "尼多王", "price": 1300, "size": "L", "qty": 2}}, {"model": "MTV01.product", "pk": 68, "fields": {"sku": "p01", "name": "HTC Magic", "price": 100, "size": "S", "qty": 0}}, {"model": "MTV01.product", "pk": 69, "fields": {"sku": "p02", "name": "SONY Xperia Z3", "price": 15000, "size": "S", "qty": 1}}, {"model": "MTV01.product", "pk": 70, "fields": {"sku": "p03", "name": "Samsung DUOS", "price": 800, "size": "S", "qty": 2}}, {"model": "MTV01.product", "pk": 71, "fields": {"sku": "p04", "name": "Nokia Xpress 5800", "price": 500, "size": "S", "qty": 1}}, {"model": "MTV01.product", "pk": 72, "fields": {"sku": "p05", "name": "Infocus M370", "price": 1500, "size": "S", "qty": 2}}, {"model": "Modal_DB.maker", "pk": 1, "fields": {"name": "Apple", "country": "USA"}}, {"model": "Modal_DB.maker", "pk": 2, "fields": {"name": "SONY", "country": "Japan"}}, {"model": "Modal_DB.maker", "pk": 3, "fields": {"name": "ASUS", "country": "Taiwan"}}, {"model": "Modal_DB.maker", "pk": 4, "fields": {"name": "Nokia", "country": "芬蘭"}}, {"model": "Modal_DB.pmodel", "pk": 1, "fields": {"maker": 1, "name": "iPhone 12", "url": "https://www.eprice.com.tw/mobile/intro/c01-p6405-apple-iphone-12-128gb/"}}, {"model": "Modal_DB.pmodel", "pk": 2, "fields": {"maker": 2, "name": "Xperia", "url": "https://www.eprice.com.tw/mobile/intro/c01-p6382-sony-xperia-5-ii/"}}, {"model": "Modal_DB.pmodel", "pk": 3, "fields": {"maker": 3, "name": "ZenFone", "url": "https://www.eprice.com.tw/mobile/intro/c01-p6378-asus-zenfone-7-zs670ks-6gb_128gb/"}}, {"model": "Modal_DB.pmodel", "pk": 4, "fields": {"maker": 3, "name": "ROG Phone", "url": "https://www.eprice.com.tw/mobile/intro/c01-p6378-asus-zenfone-7-zs670ks-6gb_128gb/"}}, {"model": "Modal_DB.pmodel", "pk": 5, "fields": {"maker": 4, "name": "3310", "url": "http://i.imgur.com/Ous4iGB.png"}}, {"model": "Modal_DB.pmodel", "pk": 6, "fields": {"maker": 4, "name": "x.x", "url": "http://i.imgur.com/Ous4iGB.png"}}, {"model": "Modal_DB.product", "pk": 1, "fields": {"pmodel": 1, "nickname": "iPhone 12 (128GB) 超值二手機", "description": "iPhone 12 系列正式發表\r\n在歷經大半年的網路傳聞洗禮後，蘋果一如預期於 10 月 13 日（台灣時間 10 月 14 日）在「Hi, Speed」線上發表會中正式對外發表 2020 年智慧手機款式：iPhone 12 系列。如同先前網路傳聞，這一次 iPhone 12 系列共有四款機種，分別為 iPhone 12 mini、iPhone 12、iPhone 12 Pro 與 iPhone 12 Pro Max，螢幕有三種尺寸，並均支援 5G 連線。", "year": 2020, "price": 999999}}, {"model": "Modal_DB.product", "pk": 2, "fields": {"pmodel": 1, "nickname": "iPhone 12 Pro (128GB)", "description": "多彩 vs. 高質感\r\n在外型設計上，新的 iPhone 12 系列一如傳聞將金屬邊框改為類似 iPhone 4 風格的樣式，線條更為平整方正，iPhone 12 mini 與 iPhone 12 採用鋁金屬霧面邊框、iPhone 12 Pro 與 Pro Max 則為不銹鋼材質拋光邊框，四款機種一樣均支援 IP68 防水防塵認證，不過防水能力從上一代的水下 2 公尺 30 分鐘進化為水下 6 公尺 30 分鐘，因此更能抵抗日常生活的浸水意外。", "year": 2020, "price": 8888}}, {"model": "Modal_DB.product", "pk": 3, "fields": {"pmodel": 2, "nickname": "SONY Xperia 5 II", "description": "Sony 正式發表 2020 下半年的旗艦手機：Xperia 5 II。以上半年的旗艦 Xperia 1 II 為基礎設計，同樣搭載蔡司三鏡頭的拍照相機，只是在螢幕方面則是改採 FHD+ 的規格，但也首次支援 120Hz 的螢幕更新率設計。", "year": 2020, "price": 4567}}, {"model": "Modal_DB.product", "pk": 4, "fields": {"pmodel": 2, "nickname": "SONY Xperia 10 II", "description": "2020 年 MWC 世界通訊大會由於武漢肺炎疫情取消舉辦，各手機品牌也改成線上發表形式發表 2020 上半年度新品；而 Sony Mobile 部分也如稍早規劃，在 2 月 24 日舉辦線上發表會，共發表三款產品，除了旗艦 Xperia 1 II、正在開發中的 Xperia PRO 之外，還有一款中階機種 Xperia 10 II（發音為 Xperia Ten Mark Two）。", "year": 2020, "price": 778899}}, {"model": "Modal_DB.product", "pk": 5, "fields": {"pmodel": 3, "nickname": "ASUS ZenFone 7 (ZS670KS) 6GB/128GB", "description": "ASUS ZenFone 7 系列正式亮相\r\n華碩在推出 ROG Phone 3 電競遊戲手機後，旗下另外一個 ZenFone 旗艦系列的後繼款式：ZenFone 7，也就額外受到外界不小期待。而在今（26）日，華碩也一如預告，正式對外發表 ZenFone 7 系列旗艦手機，而且一次就推出了兩款，型號分別為 ASUS ZenFone 7（ZS670KS）以及 ZenFone 7 Pro（ZS671KS）。", "year": 2020, "price": 0}}, {"model": "Modal_DB.product", "pk": 6, "fields": {"pmodel": 3, "nickname": "ASUS ZenFone 7 Pro (ZS671KS) 8GB/25", "description": "ASUS ZenFone 7 系列正式亮相\r\n華碩在推出 ROG Phone 3 電競遊戲手機後，旗下另外一個 ZenFone 旗艦系列的後繼款式：ZenFone 7，也就額外受到外界不小期待。而在今（26）日，華碩也一如預告，正式對外發表 ZenFone 7 系列旗艦手機，而且一次就推出了兩款，型號分別為 ASUS ZenFone 7（ZS670KS）以及 ZenFone 7 Pro（ZS671KS）。\r\n\r\nZenFone 7 系列兩款機種之間的差異非常小，除了處理器不同（S865+ vs. S865）以及 RAM / ROM 容量不同之外，就只有 ZenFone 7 Pro 的相機支援 OIS 而 ZenFone 7 沒有而已，其餘規格都一樣。", "year": 2020, "price": 987654}}, {"model": "Modal_DB.product", "pk": 7, "fields": {"pmodel": 5, "nickname": "3310 超值二手機", "description": "暫無說明", "year": 2000, "price": 88888}}, {"model": "Modal_DB.product", "pk": 8, "fields": {"pmodel": 6, "nickname": "8.3 5G", "description": "依照 HMD Global 說明，Nokia 8.3 5G 不僅是 HMD Global 旗下首款 5G 連網手機，更強調相比其他品牌已經推出的 5G 連網手機可對應完整全球電信業者所採用頻段規格，意味 Nokia 8.3 5G 將可順利配合各地區電信業者提供5G連網服務使用，而不會有頻段規格無法相容情況。", "year": 2020, "price": 11111}}, {"model": "Modal_DB.product", "pk": 9, "fields": {"pmodel": 6, "nickname": "7.2", "description": "HMD Global 在 IFA 2019 開展前夕舉辦新品發表會，一口氣發表五款新機，除了有三款功能手機：Nokia 110 / 2720 Flip / 800 Tough 之外，還有兩款搭載 Android One 平台的智慧手機，分別是先前傳聞有提過的 Nokia 7.2 以及 Nokia 6.2。", "year": 2019, "price": 0}}, {"model": "Modal_DB.pphoto", "pk": 1, "fields": {"product": 9, "description": "產品照片", "url": "https://img.eprice.com.tw/img/mobile/6186/large.png"}}, {"model": "Modal_DB.pphoto", "pk": 2, "fields": {"product": 9, "description": "產品照片", "url": "https://img.eprice.com.tw/img/mobile/6186/album/02.jpg"}}, {"model": "Modal_DB.pphoto", "pk": 3, "fields": {"product": 8, "description": "產品照片", "url": "https://img.eprice.com.tw/img/mobile/6273/large.png"}}, {"model": "Modal_DB.pphoto", "pk": 4, "fields": {"product": 8, "description": "產品照片", "url": "https://img.eprice.com.tw/img/mobile/6273/album/02.jpg"}}, {"model": "Modal_DB.pphoto", "pk": 5, "fields": {"product": 5, "description": "產品照片", "url": "https://img.eprice.com.tw/img/mobile/6378/large.png"}}, {"model": "Modal_DB.pphoto", "pk": 6, "fields": {"product": 5, "description": "產品照片", "url": "https://img.eprice.com.tw/img/mobile/6378/album/01.jpg"}}, {"model": "Modal_DB.pphoto", "pk": 7, "fields": {"product": 5, "description": "產品照片", "url": "https://img.eprice.com.tw/img/mobile/6378/album/01.jpg"}}, {"model": "Modal_DB.pphoto", "pk": 8, "fields": {"product": 4, "description": "產品照片", "url": "https://img.eprice.com.tw/img/mobile/6265/large.png"}}, {"model": "Modal_DB.pphoto", "pk": 9, "fields": {"product": 4, "description": "產品照片", "url": "https://img.eprice.com.tw/img/mobile/6265/album/00.jpg"}}]